{
  "layers": [
    {
      "name": "gameover",
      "layer": -4,
      "collision_type": 0,
      "min_particle_count": 1,
      "max_particle_count": 1,
      "relative_speed": 0.0,
      "start_visible": 0
    },
    {
      "name": "paused",
      "layer": -3,
      "collision_type": 0,
      "min_particle_count": 1,
      "max_particle_count": 1,
      "relative_speed": 0.0,
      "start_visible": 0
    },
    {
      "name": "press start",
      "layer": -2,
      "start_visible": 1,
      "min_particle_count": 1,
      "max_particle_count": 1,
      "relative_speed": 0.0,
      "collision_type": 0
    },
    {
      "name": "player",
      "layer": -1,
      "start_visible": 1,
      "min_particle_count": 1,
      "max_particle_count": 1,
      "relative_speed": 0,
      "collision_type": 0
    },
    {
      "name": "levelup",
      "layer": 0,
      "start_visible": 1,
      "min_particle_count": 20,
      "max_particle_count": 20,
      "relative_speed": 1.0,
      "collision_type": 2
    },
    {
      "name": "speedup",
      "layer": 1,
      "start_visible": 1,
      "min_particle_count": 20,
      "max_particle_count": 20,
      "relative_speed": 1.0,
      "collision_type": 3
    },
    {
      "name": "meteors",
      "layer": 2,
      "start_visible": 1,
      "min_particle_count": 10,
      "max_particle_count": 300,
      "relative_speed": 1.0,
      "collision_type": 1
    },
    {
      "name": "planets 0",
      "layer": 3,
      "start_visible": 1,
      "min_particle_count": 5,
      "max_particle_count": 5,
      "relative_speed": 0.5,
      "collision_type": 0
    },
    {
      "name": "planets 2",
      "layer": 4,
      "start_visible": 1,
      "min_particle_count": 5,
      "max_particle_count": 5,
      "relative_speed": 0.4,
      "collision_type": 0
    },
    {
      "name": "planets 3",
      "layer": 5,
      "start_visible": 1,
      "min_particle_count": 5,
      "max_particle_count": 5,
      "relative_speed": 0.3,
      "collision_type": 0
    }
  ],




  "objects": [
    {
      "id": -3,
      "layer": -4,
      "size": 500.0,
      "bitmap": "GameOver.png",
      "spawn_type": 0
    },
    {
      "id": -2,
      "layer": -3,
      "size": 500.0,
      "bitmap": "Paused.png",
      "spawn_type": 0
    },
    {
      "id": -1,
      "layer": -2,
      "size": 500.0,
      "bitmap": "Title.png",
      "spawn_type": 0
    },
    {
      "id": 0,
      "layer": -1,
      "size": 50.0,
      "bitmap": "spaceship.png",
      "spawn_type": 0
    },
    {
      "id": 1,
      "layer": 0,
      "size": 30.0,
      "bitmap": "LevelUp.png",
      "spawn_type": 1
    },
    {
      "id": 2,
      "layer": 1,
      "size": 30.0,
      "bitmap": "SpeedUp.png",
      "spawn_type": 1
    },
    {
      "id": 4,
      "layer": 2,
      "size": 80.0,
      "bitmap": "meteor1.png",
      "spawn_type": 1
    },
    {
      "id": 5,
      "layer": 2,
      "size": 50.0,     
      "bitmap": "meteor2.png",
      "spawn_type": 1
    },
    {
      "id": 6,
      "layer": 2,
      "size": 40.0,
      "bitmap": "meteor3.png",
      "spawn_type": 1
    },
    {
      "id": 7,
      "layer": 2,
      "size": 30.0,
      "bitmap": "meteor4.png",
      "spawn_type": 1
    },
    {
      "id": 8,
      "layer": 3,
      "size": 500.0,
      "bitmap": "planet1.png",
      "spawn_type": 2
    },
    {
      "id": 9,
      "layer": 4,
      "size": 150.0,
      "bitmap": "planet2.png",
      "spawn_type": 2
    },
    {
      "id": 10,
      "layer": 5,
      "size": 100.0,
      "bitmap": "planet3.png",
      "spawn_type": 2
    }
  ]
}